Ticks, P1Time, P2Time, P3Time, TotalTime, Requests, Regions, Players, Rounds, HasQuest
1520478518, 1002, 0, 0, 1024, 0, 4, 0, 20, 0
1520479542, 1000, 0, 0, 1002, 0, 4, 0, 20, 0
1520480544, 1001, 0, 11, 1029, 155, 4, 24, 20, 0
1520481573, 1000, 0, 21, 1042, 131, 4, 25, 20, 0
1520482615, 1004, 0, 22, 1038, 127, 4, 25, 20, 0
1520483653, 1000, 0, 22, 1037, 126, 4, 25, 20, 0
1520484690, 1000, 0, 25, 1044, 138, 4, 26, 20, 0
1520485734, 1001, 0, 26, 1045, 125, 4, 25, 20, 0
1520486779, 1000, 0, 32, 1048, 127, 4, 24, 20, 0
1520487827, 1002, 0, 34, 1047, 123, 4, 25, 20, 0
1520488874, 1001, 0, 29, 1040, 127, 4, 24, 20, 0
1520489914, 1000, 0, 23, 1040, 127, 4, 25, 20, 0
1520490954, 1002, 0, 34, 1044, 128, 4, 25, 20, 0
1520491998, 1001, 0, 32, 1041, 126, 4, 26, 20, 0
1520493039, 1002, 1, 34, 1044, 130, 4, 26, 20, 0
1520494083, 1000, 0, 25, 1042, 139, 4, 26, 20, 0
1520495125, 1000, 0, 35, 1049, 133, 4, 26, 20, 0
1520496174, 1000, 0, 24, 1040, 138, 4, 26, 20, 0
1520497214, 1001, 0, 25, 1048, 128, 4, 26, 20, 0
1520498262, 1003, 1, 22, 1040, 132, 4, 26, 20, 0
1520499302, 1000, 0, 27, 1043, 136, 4, 26, 20, 0
1520500345, 1002, 0, 26, 1043, 132, 4, 26, 20, 0
1520501388, 1002, 0, 24, 1046, 133, 4, 26, 20, 0
1520502434, 1001, 0, 26, 1039, 126, 4, 26, 20, 0
1520503473, 1001, 0, 30, 1041, 133, 4, 25, 20, 0
1520504514, 1001, 0, 17, 1043, 126, 4, 25, 20, 0
1520505557, 1002, 1, 26, 1044, 127, 4, 25, 20, 0
1520506601, 1001, 0, 25, 1040, 123, 4, 25, 20, 0
1520507641, 1003, 1, 18, 1046, 118, 4, 24, 20, 0
1520508687, 1001, 1, 21, 1042, 120, 4, 24, 20, 0
1520509729, 1002, 0, 27, 1043, 120, 4, 24, 20, 0
1520510772, 1003, 1, 22, 1042, 124, 4, 24, 20, 0
1520511814, 1000, 0, 27, 1043, 116, 4, 24, 20, 0
1520512857, 1000, 0, 22, 1041, 111, 4, 24, 20, 0
1520513898, 1000, 0, 26, 1043, 105, 4, 23, 20, 0
1520514941, 1000, 0, 21, 1043, 96, 4, 22, 20, 0
1520515984, 1000, 0, 17, 1041, 107, 4, 23, 20, 0
1520517025, 1002, 0, 21, 1043, 105, 4, 23, 20, 0
1520518068, 1001, 0, 23, 1042, 94, 4, 21, 20, 0
1520519110, 1001, 0, 24, 1042, 98, 4, 22, 20, 0
1520520152, 1000, 0, 21, 1045, 99, 4, 22, 20, 0
1520521197, 1000, 0, 25, 1045, 97, 4, 21, 20, 0
1520522242, 1000, 0, 16, 1044, 92, 4, 20, 20, 0
1520523286, 1002, 0, 24, 1051, 98, 4, 20, 20, 0
1520524337, 1000, 0, 21, 1042, 87, 4, 21, 20, 0
1520525379, 1000, 0, 19, 1042, 114, 4, 24, 20, 0
1520526421, 1000, 0, 17, 1049, 97, 4, 23, 20, 0
1520527470, 1000, 1, 13, 1045, 107, 4, 22, 20, 0
1520528516, 1001, 0, 17, 1048, 97, 4, 22, 20, 0
1520529564, 1000, 0, 17, 1042, 104, 4, 22, 20, 0
1520530606, 1003, 0, 10, 1041, 102, 4, 22, 20, 0
1520531647, 1000, 0, 18, 1044, 99, 4, 22, 20, 0
1520532691, 1001, 0, 15, 1043, 102, 4, 22, 20, 0
1520533734, 1000, 0, 13, 1046, 84, 4, 20, 20, 0
1520534780, 1000, 0, 15, 1044, 91, 4, 22, 20, 0
1520535824, 1001, 0, 25, 1041, 96, 4, 22, 20, 0
1520536865, 1002, 0, 23, 1045, 100, 4, 22, 20, 0
1520537910, 1001, 0, 22, 1041, 105, 4, 23, 20, 0
1520538951, 1003, 0, 16, 1043, 99, 4, 22, 20, 0
1520539994, 1004, 0, 17, 1051, 99, 4, 22, 20, 0
1520541045, 1001, 0, 21, 1046, 98, 4, 22, 20, 0
1520542091, 1000, 0, 20, 1047, 103, 4, 22, 20, 0
1520543138, 1001, 0, 20, 1042, 96, 4, 22, 20, 0
1520544180, 1002, 1, 24, 1049, 101, 4, 22, 20, 0
1520545229, 1000, 0, 18, 1048, 90, 4, 21, 20, 0
1520546277, 1002, 0, 18, 1048, 96, 4, 20, 20, 0
1520547325, 1001, 0, 17, 1042, 87, 4, 20, 20, 0
1520548367, 1000, 0, 15, 1050, 84, 4, 20, 20, 0
1520549417, 1005, 0, 14, 1048, 71, 4, 17, 20, 0
1520550465, 1001, 0, 16, 1048, 84, 4, 18, 20, 0
1520551513, 1001, 0, 18, 1045, 76, 4, 18, 20, 0
1520552558, 1001, 0, 11, 1042, 68, 4, 16, 20, 0
1520553600, 1001, 0, 13, 1044, 72, 4, 16, 20, 0
1520554644, 1001, 0, 16, 1043, 70, 4, 17, 20, 0
1520555687, 1001, 0, 11, 1047, 77, 4, 17, 20, 0
1520556734, 953, 0, 7, 1003, 76, 4, 17, 19, 0
1520557737, 1001, 0, 12, 1045, 73, 4, 16, 20, 0
1520558782, 1000, 0, 16, 1047, 72, 4, 16, 20, 0
1520559829, 1001, 0, 11, 1050, 63, 4, 14, 20, 0
1520560879, 1000, 0, 10, 1047, 60, 4, 13, 20, 0
1520561926, 1002, 0, 11, 1053, 52, 4, 13, 20, 0
1520562979, 1000, 0, 12, 1044, 56, 4, 13, 20, 0
1520564023, 1000, 0, 9, 1044, 53, 4, 13, 20, 0
1520565067, 1000, 0, 10, 1051, 53, 4, 15, 20, 0
1520566118, 1000, 0, 12, 1048, 63, 4, 15, 20, 0
1520567166, 1001, 1, 11, 1048, 64, 4, 17, 20, 0
1520568214, 1002, 0, 11, 1051, 77, 4, 19, 20, 0
1520569265, 1003, 0, 20, 1043, 74, 4, 19, 20, 0
1520570308, 1001, 0, 18, 1046, 95, 4, 19, 20, 0
1520571354, 1000, 0, 17, 1049, 79, 4, 19, 20, 0
1520572403, 1001, 1, 16, 1043, 88, 4, 19, 20, 0
1520573446, 1002, 0, 14, 1046, 87, 4, 19, 20, 0
1520574492, 1000, 0, 17, 1045, 98, 4, 19, 20, 0
1520575537, 1001, 0, 20, 1043, 79, 4, 19, 20, 0
1520576580, 950, 0, 13, 1002, 87, 4, 19, 19, 0
1520577582, 1002, 0, 18, 1049, 93, 4, 19, 20, 0
1520578631, 1001, 0, 25, 1042, 88, 4, 19, 20, 0
1520579673, 1002, 0, 15, 1050, 86, 4, 19, 20, 0
1520580723, 1001, 0, 17, 1047, 88, 4, 19, 20, 0
1520581770, 1001, 0, 10, 1049, 92, 4, 19, 20, 0
1520582819, 1002, 0, 14, 1048, 89, 4, 19, 20, 0
1520583867, 1001, 0, 19, 1044, 88, 4, 19, 20, 0
1520584911, 1001, 0, 20, 1042, 97, 4, 19, 20, 0
1520585953, 1001, 0, 17, 1045, 88, 4, 19, 20, 0
1520586998, 1007, 0, 14, 1051, 96, 4, 19, 20, 0
1520588049, 1001, 2, 14, 1050, 91, 4, 19, 20, 0
1520589099, 1001, 1, 13, 1046, 96, 4, 19, 20, 0
1520590145, 1002, 0, 15, 1053, 86, 4, 19, 20, 0
1520591198, 952, 0, 25, 1005, 88, 4, 20, 19, 0
1520592203, 1000, 0, 15, 1045, 95, 4, 19, 20, 0
1520593248, 1002, 0, 20, 1047, 95, 4, 20, 20, 0
1520594295, 1001, 0, 26, 1042, 101, 4, 20, 20, 0
1520595337, 1000, 0, 18, 1044, 92, 4, 19, 20, 0
1520596381, 1002, 0, 18, 1046, 90, 4, 18, 20, 0
1520597427, 1000, 0, 19, 1045, 89, 4, 18, 20, 0
1520598473, 1000, 0, 18, 1039, 81, 4, 18, 20, 0
1520599512, 1000, 0, 20, 1051, 87, 4, 18, 20, 0
1520600563, 1001, 0, 20, 1051, 85, 4, 18, 20, 0
1520601614, 1000, 1, 19, 1045, 93, 4, 18, 20, 0
1520602659, 1000, 1, 21, 1046, 87, 4, 18, 20, 0
1520603705, 1003, 0, 16, 1050, 90, 4, 18, 20, 0
1520604755, 1002, 0, 14, 1047, 80, 4, 18, 20, 0
1520605802, 1000, 0, 22, 1046, 89, 4, 18, 20, 0
1520606848, 1001, 0, 22, 1048, 87, 4, 18, 20, 0
1520607896, 1001, 0, 21, 1041, 72, 4, 17, 20, 0
1520608937, 1004, 0, 18, 1047, 79, 4, 17, 20, 0
1520609984, 1001, 0, 21, 1048, 74, 4, 17, 20, 0
1520611032, 1001, 0, 17, 1045, 87, 4, 18, 20, 0
1520612077, 950, 0, 10, 1006, 83, 4, 18, 19, 0
1520613083, 1000, 0, 18, 1047, 78, 4, 17, 20, 0
1520614130, 1002, 0, 17, 1042, 84, 4, 17, 20, 0
1520615172, 1000, 0, 15, 1043, 78, 4, 17, 20, 0
1520616215, 1002, 0, 18, 1046, 82, 4, 17, 20, 0
1520617261, 1000, 0, 18, 1043, 84, 4, 17, 20, 0
1520618304, 1002, 0, 15, 1046, 78, 4, 17, 20, 0
1520619350, 1000, 2, 14, 1044, 79, 4, 16, 20, 0
1520620394, 1002, 0, 16, 1046, 71, 4, 17, 20, 0
1520621440, 1002, 0, 17, 1043, 83, 4, 17, 20, 0
1520622483, 1001, 0, 16, 1044, 82, 4, 17, 20, 0
1520623527, 1000, 0, 14, 1044, 73, 4, 17, 20, 0
1520624571, 1001, 0, 13, 1042, 84, 4, 17, 20, 0
1520625613, 1001, 0, 15, 1044, 82, 4, 17, 20, 0
1520626657, 1000, 0, 11, 1044, 86, 4, 17, 20, 0
1520627701, 1000, 1, 10, 1043, 82, 4, 16, 20, 0
1520628744, 1000, 0, 17, 1045, 80, 4, 16, 20, 0
1520629789, 1001, 0, 12, 1040, 71, 4, 15, 20, 0
1520630829, 1000, 0, 14, 1051, 69, 4, 14, 20, 0
1520631880, 951, 0, 13, 1003, 61, 4, 14, 19, 0
1520632883, 1001, 0, 8, 1052, 51, 4, 12, 20, 0
1520633935, 1001, 0, 12, 1051, 57, 4, 11, 20, 0
1520634986, 1000, 0, 12, 1047, 49, 4, 11, 20, 0
1520636033, 1001, 0, 10, 1046, 47, 4, 9, 20, 0
1520637080, 1001, 0, 11, 1047, 50, 4, 10, 20, 0
1520638127, 1001, 0, 11, 1049, 52, 4, 10, 20, 0
1520639176, 1000, 0, 8, 1050, 44, 4, 9, 20, 0
1520640226, 1004, 0, 4, 1045, 41, 4, 8, 20, 0
1520641271, 1001, 0, 10, 1045, 36, 4, 8, 20, 0
1520642316, 1002, 0, 10, 1048, 38, 4, 8, 20, 0
1520643364, 1001, 0, 7, 1048, 37, 4, 7, 20, 0
1520644412, 1000, 0, 9, 1040, 36, 4, 8, 20, 0
1520645452, 1003, 0, 6, 1045, 38, 4, 8, 20, 0
1520646497, 1001, 0, 8, 1041, 35, 4, 8, 20, 0
1520647538, 1001, 0, 9, 1047, 27, 4, 6, 20, 0
1520648585, 1001, 0, 5, 1048, 21, 4, 5, 20, 0
1520649633, 1002, 0, 6, 1044, 25, 4, 5, 20, 0
1520650677, 1003, 0, 7, 1043, 26, 4, 6, 20, 0
1520651720, 1003, 1, 6, 1045, 30, 4, 6, 20, 0
1520652765, 1002, 0, 6, 1053, 28, 4, 6, 20, 0
1520653818, 1002, 0, 10, 1045, 30, 4, 6, 20, 0
1520654863, 1000, 0, 10, 1046, 32, 4, 6, 20, 0
1520655909, 1000, 1, 9, 1047, 30, 4, 6, 20, 0
1520656956, 1001, 0, 7, 1051, 24, 4, 5, 20, 0
1520658007, 1000, 0, 6, 1043, 25, 4, 6, 20, 0
1520659050, 1001, 0, 10, 1042, 31, 4, 6, 20, 0
1520660092, 1001, 0, 8, 1047, 25, 4, 5, 20, 0
1520661139, 1001, 0, 6, 1042, 21, 4, 5, 20, 0
1520662181, 1001, 0, 7, 1045, 18, 4, 4, 20, 0
1520663226, 1000, 0, 9, 1044, 17, 4, 3, 20, 0
1520664270, 1002, 1, 9, 1045, 16, 4, 3, 20, 0
1520665315, 1003, 0, 9, 1047, 17, 4, 4, 20, 0
1520666362, 1001, 0, 10, 1047, 21, 4, 4, 20, 0
1520667409, 1000, 0, 13, 1049, 20, 4, 4, 20, 0
1520668458, 1003, 0, 11, 1049, 21, 4, 4, 20, 0
1520669507, 1000, 0, 11, 1049, 16, 4, 4, 20, 0
1520670556, 1001, 0, 10, 1045, 18, 4, 4, 20, 0
1520671601, 1002, 0, 8, 1048, 20, 4, 4, 20, 0
1520672649, 1000, 0, 9, 1042, 16, 4, 4, 20, 0
1520673691, 1005, 0, 7, 1048, 11, 4, 2, 20, 0
1520674739, 951, 0, 2, 1001, 9, 4, 2, 19, 0
1520675740, 1001, 0, 5, 1046, 10, 4, 2, 20, 0
1520676786, 1006, 0, 3, 1048, 8, 4, 2, 20, 0
1520677834, 1005, 0, 2, 1050, 6, 4, 1, 20, 0
1520678884, 1003, 0, 3, 1049, 5, 4, 1, 20, 0
1520679933, 1002, 0, 2, 1047, 5, 4, 1, 20, 0
1520680980, 1003, 0, 4, 1049, 6, 4, 2, 20, 0
1520682029, 1001, 0, 6, 1050, 12, 4, 2, 20, 0
1520683080, 1000, 0, 7, 1043, 10, 4, 2, 20, 0
1520684123, 1002, 0, 4, 1047, 10, 4, 2, 20, 0
1520685170, 1002, 1, 3, 1048, 11, 4, 3, 20, 0
1520686218, 1001, 1, 6, 1047, 16, 4, 3, 20, 0
1520687265, 951, 0, 5, 1001, 13, 4, 3, 19, 0
1520688266, 1001, 0, 3, 1050, 16, 4, 3, 20, 0
1520689316, 1002, 0, 7, 1049, 17, 4, 4, 20, 0
1520690365, 1001, 1, 4, 1049, 18, 4, 4, 20, 0
1520691414, 1001, 0, 9, 1052, 19, 4, 4, 20, 0
1520692466, 1002, 0, 6, 1053, 23, 4, 4, 20, 0
1520693519, 1001, 0, 11, 1050, 20, 4, 4, 20, 0
1520694569, 1001, 1, 5, 1050, 14, 4, 4, 20, 0
1520695619, 1000, 0, 4, 1049, 11, 4, 3, 20, 0
1520696668, 1000, 0, 6, 1050, 17, 4, 3, 20, 0
1520697718, 1002, 0, 3, 1044, 15, 4, 3, 20, 0
1520698762, 952, 0, 7, 1002, 15, 4, 3, 19, 0
1520699764, 954, 1, 3, 1003, 13, 4, 3, 19, 0
1520700767, 954, 0, 7, 1001, 15, 4, 3, 19, 0
1520701769, 1002, 0, 6, 1049, 12, 4, 3, 20, 0
1520702818, 1000, 0, 5, 1049, 10, 4, 2, 20, 0
1520703867, 951, 1, 6, 1001, 9, 4, 2, 19, 0
1520704868, 1001, 0, 5, 1054, 12, 4, 2, 20, 0
1520705922, 1003, 0, 2, 1050, 9, 4, 2, 20, 0
1520706972, 951, 1, 1, 1006, 12, 4, 3, 19, 0
1520707978, 1001, 0, 8, 1050, 16, 4, 3, 20, 0
1520709028, 1001, 0, 6, 1046, 11, 4, 2, 20, 0
1520710074, 951, 0, 4, 1003, 10, 4, 2, 19, 0
1520711077, 1002, 0, 5, 1051, 11, 4, 3, 20, 0
1520712128, 951, 0, 6, 1001, 13, 4, 3, 19, 0
1520713129, 1003, 0, 11, 1051, 17, 4, 4, 20, 0
1520714180, 1000, 0, 9, 1048, 19, 4, 4, 20, 0
1520715228, 1003, 0, 8, 1046, 20, 4, 4, 20, 0
1520716274, 951, 0, 10, 1002, 20, 4, 4, 19, 0
1520717276, 1001, 0, 9, 1047, 19, 4, 4, 20, 0
1520718323, 1001, 1, 5, 1051, 15, 4, 3, 20, 0
1520719374, 1002, 0, 6, 1044, 13, 4, 3, 20, 0
1520720418, 1002, 0, 2, 1044, 9, 4, 2, 20, 0
1520721462, 1003, 0, 3, 1046, 11, 4, 2, 20, 0
1520722509, 1000, 0, 2, 1043, 10, 4, 2, 20, 0
1520723552, 1002, 0, 3, 1043, 10, 4, 2, 20, 0
1520724595, 1001, 0, 4, 1047, 11, 4, 3, 20, 0
1520725642, 1004, 0, 3, 1047, 16, 4, 3, 20, 0
1520726689, 1000, 0, 5, 1050, 14, 4, 3, 20, 0
1520727739, 1002, 0, 2, 1050, 14, 4, 3, 20, 0
1520728789, 1000, 0, 5, 1044, 16, 4, 3, 20, 0
1520729833, 1001, 0, 4, 1048, 16, 4, 3, 20, 0
1520730881, 951, 0, 7, 1003, 15, 4, 3, 19, 0
1520731884, 951, 0, 5, 1001, 13, 4, 3, 19, 0
1520732885, 1002, 0, 3, 1045, 10, 4, 2, 20, 0
1520733930, 1002, 0, 9, 1051, 9, 4, 2, 20, 0
1520734981, 1001, 0, 11, 1049, 10, 4, 2, 20, 0
1520736030, 1004, 0, 7, 1048, 10, 4, 2, 20, 0
1520737078, 1000, 0, 3, 1046, 11, 4, 2, 20, 0
1520738124, 1001, 0, 6, 1049, 6, 4, 2, 20, 0
1520739173, 1001, 1, 9, 1045, 10, 4, 2, 20, 0
1520740218, 1000, 0, 6, 1044, 10, 4, 2, 20, 0
1520741262, 1002, 0, 5, 1045, 9, 4, 2, 20, 0
1520742307, 1003, 0, 6, 1045, 5, 4, 1, 20, 0
1520743352, 1003, 1, 3, 1042, 5, 4, 1, 20, 0
1520744394, 1003, 0, 2, 1049, 5, 4, 1, 20, 0
1520745443, 1000, 1, 4, 1044, 5, 4, 1, 20, 0
1520746487, 1001, 0, 4, 1049, 6, 4, 1, 20, 0
1520747536, 1002, 0, 5, 1043, 5, 4, 2, 20, 0
1520748579, 1002, 0, 2, 1044, 10, 4, 2, 20, 0
1520749623, 1000, 0, 2, 1045, 8, 4, 2, 20, 0
1520750668, 1002, 0, 6, 1045, 16, 4, 3, 20, 0
1520751714, 1002, 0, 6, 1046, 15, 4, 3, 20, 0
1520752760, 1001, 0, 5, 1047, 14, 4, 3, 20, 0
1520753807, 1002, 2, 4, 1049, 17, 4, 4, 20, 0
1520754856, 1002, 0, 5, 1045, 22, 4, 4, 20, 0
1520755901, 1000, 0, 11, 1052, 20, 4, 4, 20, 0
1520756953, 1001, 0, 6, 1048, 14, 4, 4, 20, 0
1520758001, 1002, 0, 6, 1044, 21, 4, 4, 20, 0
1520759045, 1002, 0, 3, 1046, 21, 4, 4, 20, 0
1520760091, 950, 0, 3, 1000, 9, 4, 2, 19, 0
1520761092, 1002, 0, 3, 1048, 10, 4, 2, 20, 0
1520762140, 1000, 0, 4, 1043, 10, 4, 2, 20, 0
1520763183, 1001, 0, 1, 1045, 6, 4, 2, 20, 0
1520764228, 1001, 0, 2, 1047, 5, 4, 1, 20, 0
1520765275, 1002, 0, 3, 1049, 6, 4, 1, 20, 0
1520766324, 1004, 0, 3, 1045, 5, 4, 1, 20, 0
1520767369, 1003, 0, 0, 1047, 4, 4, 1, 20, 0
1520768416, 1001, 0, 3, 1052, 5, 4, 1, 20, 0
1520769469, 1002, 0, 3, 1046, 6, 4, 1, 20, 0
1520770515, 1002, 0, 3, 1047, 5, 4, 2, 20, 0
1520771563, 1001, 0, 2, 1044, 5, 4, 2, 20, 0
1520772607, 1001, 0, 1, 1046, 5, 4, 1, 20, 0
1520773653, 1001, 0, 0, 1046, 0, 4, 0, 20, 0
1520774699, 1003, 0, 0, 1047, 0, 4, 0, 20, 0
1520775746, 1000, 0, 0, 1042, 0, 4, 0, 20, 0
1520776788, 1001, 0, 0, 1041, 0, 4, 0, 20, 0
1520777829, 1001, 0, 0, 1043, 1, 4, 1, 20, 0
1520778872, 1001, 0, 4, 1046, 6, 4, 1, 20, 0
1520779919, 1001, 0, 4, 1044, 4, 4, 1, 20, 0
1520780963, 1000, 1, 0, 1043, 0, 4, 0, 20, 0
1520782006, 1000, 0, 0, 1044, 0, 4, 0, 20, 0
1520783050, 1000, 0, 0, 1044, 0, 4, 0, 20, 0
1520784095, 1000, 0, 0, 1041, 0, 4, 0, 20, 0
1520785136, 1002, 2, 0, 1046, 0, 4, 0, 20, 0
1520786182, 1001, 0, 0, 1044, 0, 4, 0, 20, 0
1520787226, 1003, 1, 0, 1045, 0, 4, 0, 20, 0
1520788271, 1000, 0, 0, 1046, 0, 4, 0, 20, 0
1520789317, 1001, 0, 0, 1045, 0, 4, 0, 20, 0
1520790362, 1000, 0, 0, 1042, 0, 4, 0, 20, 0
1520791404, 1003, 0, 0, 1048, 0, 4, 0, 20, 0
1520792452, 1002, 0, 0, 1052, 0, 4, 0, 20, 0
1520793504, 1002, 0, 0, 1052, 0, 4, 0, 20, 0
1520794556, 1000, 0, 0, 1045, 0, 4, 0, 20, 0
1520795601, 1001, 0, 0, 1040, 0, 4, 0, 20, 0
1520796641, 1001, 0, 0, 1048, 0, 4, 0, 20, 0
1520797689, 1000, 1, 0, 1048, 0, 4, 0, 20, 0
1520798737, 1001, 0, 0, 1048, 0, 4, 0, 20, 0
1520799785, 1004, 1, 1, 1048, 0, 4, 0, 20, 0
1520800833, 1002, 1, 0, 1047, 0, 4, 0, 20, 0
1520801880, 1002, 1, 0, 1046, 0, 4, 0, 20, 0
1520802926, 1003, 1, 0, 1048, 0, 4, 0, 20, 0
1520803974, 1000, 0, 0, 1041, 0, 4, 0, 20, 0
1520805015, 1000, 0, 0, 1043, 0, 4, 0, 20, 0
1520806058, 1003, 0, 0, 1048, 0, 4, 0, 20, 0
1520807106, 1000, 0, 0, 1043, 1, 4, 1, 20, 0
1520808149, 1002, 1, 0, 1042, 5, 4, 1, 20, 0
1520809191, 1002, 0, 4, 1042, 5, 4, 1, 20, 0
1520810233, 1000, 1, 4, 1046, 6, 4, 1, 20, 0
1520811279, 1001, 0, 3, 1046, 5, 4, 2, 20, 0
1520812325, 1000, 0, 6, 1042, 9, 4, 2, 20, 0
1520813367, 1003, 0, 1, 1049, 5, 4, 1, 20, 0
1520814416, 1000, 1, 2, 1050, 6, 4, 1, 20, 0
1520815466, 1002, 0, 5, 1046, 5, 4, 1, 20, 0
1520816512, 1002, 0, 1, 1047, 5, 4, 1, 20, 0
1520817559, 1001, 1, 3, 1049, 5, 4, 1, 20, 0
1520818608, 1003, 0, 4, 1043, 6, 4, 1, 20, 0
1520819653, 1001, 0, 2, 1043, 4, 4, 1, 20, 0
1520820696, 1002, 0, 3, 1046, 5, 4, 1, 20, 0
1520821742, 1000, 0, 5, 1045, 5, 4, 1, 20, 0
1520822787, 1001, 0, 5, 1041, 5, 4, 1, 20, 0
1520823828, 1001, 0, 3, 1048, 6, 4, 1, 20, 0
1520824876, 1001, 0, 0, 1046, 0, 4, 0, 20, 0
1520825922, 1002, 0, 0, 1044, 0, 4, 0, 20, 0
1520826966, 1001, 0, 0, 1049, 0, 4, 1, 20, 0
1520828015, 1000, 0, 2, 1050, 5, 4, 1, 20, 0
1520829065, 1001, 1, 4, 1046, 5, 4, 1, 20, 0
1520830111, 1005, 0, 3, 1044, 5, 4, 1, 20, 0
1520831155, 1001, 0, 2, 1050, 6, 4, 1, 20, 0
1520832205, 1000, 0, 1, 1050, 4, 4, 1, 20, 0
1520833255, 1000, 0, 5, 1049, 5, 4, 1, 20, 0
1520834304, 950, 0, 0, 1003, 0, 4, 0, 19, 0
1520835307, 1001, 0, 0, 1043, 0, 4, 0, 20, 0
1520836350, 1001, 0, 0, 1045, 0, 4, 0, 20, 0
1520837396, 1002, 1, 0, 1046, 0, 4, 0, 20, 0
1520838442, 1002, 0, 0, 1044, 0, 4, 0, 20, 0
1520839486, 1001, 0, 0, 1048, 0, 4, 0, 20, 0
1520840534, 1002, 0, 0, 1045, 0, 4, 0, 20, 0
1520841579, 1001, 0, 0, 1048, 0, 4, 0, 20, 0
1520842627, 1000, 0, 0, 1040, 0, 4, 0, 20, 0
1520843667, 1000, 0, 0, 1041, 0, 4, 0, 20, 0
1520844708, 1004, 0, 0, 1046, 0, 4, 0, 20, 0
1520845754, 1002, 1, 0, 1043, 0, 4, 0, 20, 0
1520846797, 1001, 0, 0, 1042, 0, 4, 0, 20, 0
1520847839, 1002, 0, 0, 1043, 0, 4, 0, 20, 0
1520848882, 1000, 0, 0, 1041, 0, 4, 0, 20, 0
1520849923, 1005, 0, 0, 1045, 0, 4, 0, 20, 0
1520850968, 1000, 0, 0, 1044, 0, 4, 0, 20, 0
1520852012, 1002, 0, 0, 1043, 0, 4, 0, 20, 0
1520853055, 1001, 0, 0, 1043, 0, 4, 0, 20, 0
1520854098, 1001, 0, 4, 1042, 4, 4, 1, 20, 0
1520855140, 1001, 0, 5, 1048, 10, 4, 2, 20, 0
1520856188, 1000, 0, 8, 1046, 9, 4, 2, 20, 0
1520857234, 1002, 0, 5, 1051, 10, 4, 2, 20, 0
1520858285, 1001, 0, 6, 1047, 10, 4, 2, 20, 0
1520859332, 1001, 0, 10, 1045, 10, 4, 2, 20, 0
1520860378, 1001, 0, 3, 1047, 5, 4, 1, 20, 0
1520861425, 1003, 0, 1, 1044, 5, 4, 1, 20, 0
1520862469, 1006, 1, 1, 1046, 5, 4, 1, 20, 0
1520863515, 1000, 0, 3, 1049, 5, 4, 1, 20, 0
1520864564, 1000, 0, 5, 1044, 5, 4, 1, 20, 0
1520865608, 1003, 0, 2, 1048, 5, 4, 1, 20, 0
1520866656, 1002, 0, 2, 1047, 6, 4, 1, 20, 0
1520867703, 1001, 0, 0, 1052, 0, 4, 0, 20, 0
1520868755, 1000, 1, 0, 1044, 0, 4, 0, 20, 0
1520869799, 1003, 0, 0, 1047, 0, 4, 0, 20, 0
1520870846, 1002, 0, 0, 1042, 0, 4, 0, 20, 0
1520871888, 1003, 0, 0, 1041, 0, 4, 0, 20, 0
1520872929, 1002, 0, 0, 1053, 0, 4, 0, 20, 0
1520873982, 1003, 0, 0, 1043, 0, 4, 0, 20, 0
1520875025, 1000, 0, 0, 1047, 0, 4, 0, 20, 0
1520876072, 1000, 0, 0, 1046, 0, 4, 0, 20, 0
1520877118, 1000, 0, 0, 1042, 0, 4, 0, 20, 0
1520878160, 1001, 0, 0, 1044, 0, 4, 0, 20, 0
1520879204, 1003, 0, 0, 1042, 0, 4, 0, 20, 0
1520880246, 1001, 0, 0, 1041, 0, 4, 0, 20, 0
1520881287, 1001, 0, 0, 1040, 0, 4, 0, 20, 0
1520882327, 1001, 0, 0, 1041, 0, 4, 0, 20, 0
1520883368, 1000, 1, 0, 1046, 0, 4, 0, 20, 0
1520884414, 1000, 0, 0, 1052, 0, 4, 0, 20, 0
1520885466, 1000, 0, 1, 1040, 2, 4, 1, 20, 0
1520886506, 1000, 0, 5, 1044, 5, 4, 1, 20, 0
1520887550, 1003, 0, 3, 1048, 6, 4, 1, 20, 0
1520888598, 1000, 0, 6, 1044, 9, 4, 2, 20, 0
1520889642, 1000, 0, 2, 1041, 10, 4, 2, 20, 0
1520890683, 1002, 0, 2, 1048, 10, 4, 2, 20, 0
1520891731, 1001, 0, 5, 1044, 11, 4, 3, 20, 0
1520892775, 1002, 0, 7, 1040, 15, 4, 3, 20, 0
1520893815, 1000, 0, 8, 1048, 15, 4, 4, 20, 0
1520894863, 1002, 0, 3, 1042, 16, 4, 3, 20, 0
1520895905, 1001, 0, 4, 1042, 15, 4, 3, 20, 0
1520896947, 1003, 0, 6, 1042, 15, 4, 3, 20, 0
1520897989, 1003, 0, 4, 1045, 15, 4, 3, 20, 0
1520899034, 1001, 1, 5, 1043, 15, 4, 3, 20, 0
1520900077, 1002, 0, 4, 1041, 12, 4, 3, 20, 0
1520901118, 1000, 1, 2, 1050, 9, 4, 2, 20, 0
1520902168, 1002, 1, 4, 1048, 11, 4, 2, 20, 0
1520903216, 1001, 0, 9, 1042, 11, 4, 2, 20, 0
1520904258, 1003, 0, 5, 1042, 9, 4, 2, 20, 0
1520905300, 1002, 0, 2, 1045, 10, 4, 2, 20, 0
1520906345, 1000, 0, 5, 1047, 10, 4, 3, 20, 0
1520907392, 1002, 0, 1, 1046, 17, 4, 3, 20, 0
1520908438, 1001, 1, 4, 1048, 15, 4, 3, 20, 0
1520909486, 1001, 0, 6, 1048, 18, 4, 4, 20, 0
1520910534, 950, 1, 4, 1002, 16, 4, 4, 19, 0
1520911536, 951, 0, 5, 1003, 14, 4, 3, 19, 0
1520912539, 1001, 0, 1, 1051, 14, 4, 3, 20, 0
1520913590, 1000, 0, 3, 1049, 16, 4, 3, 20, 0
1520914639, 1001, 0, 3, 1046, 15, 4, 3, 20, 0
1520915685, 1001, 0, 4, 1046, 16, 4, 3, 20, 0
1520916731, 1001, 0, 2, 1045, 15, 4, 3, 20, 0
1520917776, 1002, 1, 8, 1046, 15, 4, 3, 20, 0
1520918822, 1002, 0, 4, 1044, 16, 4, 3, 20, 0
1520919866, 1002, 0, 2, 1051, 10, 4, 2, 20, 0
1520920917, 1003, 0, 2, 1046, 9, 4, 2, 20, 0
1520921963, 1002, 0, 1, 1046, 10, 4, 2, 20, 0
1520923009, 1001, 0, 0, 1041, 11, 4, 2, 20, 0
1520924050, 1002, 0, 1, 1044, 10, 4, 2, 20, 0
1520925094, 1001, 0, 5, 1050, 11, 4, 2, 20, 0
1520926144, 1000, 0, 4, 1047, 10, 4, 2, 20, 0
1520927193, 1001, 0, 4, 1049, 11, 4, 2, 20, 0
1520928242, 1001, 0, 1, 1047, 8, 4, 2, 20, 0
1520929289, 1000, 0, 3, 1048, 11, 4, 2, 20, 0
1520930337, 1003, 0, 3, 1049, 9, 4, 2, 20, 0
1520931386, 1001, 0, 4, 1050, 5, 4, 1, 20, 0
1520932437, 1001, 1, 1, 1048, 5, 4, 1, 20, 0
1520933485, 1003, 0, 1, 1049, 6, 4, 1, 20, 0
1520934534, 1001, 0, 0, 1046, 5, 4, 1, 20, 0
1520935580, 1003, 0, 1, 1048, 4, 4, 1, 20, 0
1520936628, 1000, 0, 4, 1049, 5, 4, 1, 20, 0
1520937677, 950, 0, 3, 1002, 5, 4, 1, 19, 0
1520938679, 951, 0, 1, 1005, 5, 4, 1, 19, 0
1520939684, 1003, 0, 2, 1053, 6, 4, 1, 20, 0
1520940737, 1004, 0, 1, 1051, 5, 4, 1, 20, 0
1520941788, 1000, 1, 4, 1048, 5, 4, 1, 20, 0
1520942836, 1002, 0, 2, 1049, 5, 4, 1, 20, 0
1520943885, 1001, 0, 5, 1050, 9, 4, 3, 20, 0
1520944935, 1004, 0, 2, 1051, 15, 4, 3, 20, 0
1520945986, 950, 1, 7, 1001, 10, 4, 2, 19, 0
1520946987, 953, 0, 3, 1001, 5, 4, 1, 19, 0
1520947988, 1003, 0, 0, 1050, 5, 4, 1, 20, 0
1520949038, 1001, 0, 0, 1045, 5, 4, 1, 20, 0
1520950083, 1001, 0, 3, 1045, 5, 4, 1, 20, 0
1520951128, 1002, 0, 0, 1048, 0, 4, 0, 20, 0
1520952176, 1002, 0, 0, 1051, 0, 4, 0, 20, 0
1520953227, 1002, 0, 0, 1049, 0, 4, 0, 20, 0
1520954277, 1002, 1, 0, 1051, 0, 4, 0, 20, 0
1520955328, 1001, 0, 0, 1043, 0, 4, 0, 20, 0
1520956371, 1000, 0, 0, 1044, 0, 4, 0, 20, 0
1520957415, 1002, 0, 0, 1044, 0, 4, 0, 20, 0
1520958459, 1004, 1, 0, 1042, 0, 4, 0, 20, 0
1520959501, 1000, 0, 0, 1043, 0, 4, 0, 20, 0
1520960544, 955, 0, 0, 1002, 0, 4, 0, 19, 0
1520961546, 1002, 0, 1, 1051, 1, 4, 1, 20, 0
1520962597, 952, 1, 1, 1003, 5, 4, 1, 19, 0
1520963600, 951, 0, 7, 1001, 4, 4, 1, 19, 0
1520964601, 1002, 0, 1, 1051, 5, 4, 1, 20, 0
1520965652, 950, 0, 3, 1002, 5, 4, 1, 19, 0
1520966654, 952, 0, 3, 1001, 5, 4, 1, 19, 0
1520967655, 1000, 0, 4, 1051, 6, 4, 1, 20, 0
1520968706, 1002, 0, 2, 1046, 4, 4, 1, 20, 0
1520969752, 1001, 0, 0, 1046, 0, 4, 0, 20, 0
1520970798, 1003, 0, 0, 1045, 0, 4, 0, 20, 0
1520971843, 1001, 0, 0, 1044, 0, 4, 0, 20, 0
1520972887, 1002, 0, 0, 1045, 0, 4, 0, 20, 0
1520973932, 1002, 0, 1, 1048, 0, 4, 1, 20, 0
1520974980, 1001, 0, 0, 1053, 1, 4, 1, 20, 0
1520976033, 1000, 0, 0, 1048, 0, 4, 0, 20, 0
1520977081, 1002, 0, 0, 1049, 0, 4, 0, 20, 0
1520978130, 1000, 0, 0, 1048, 0, 4, 0, 20, 0
1520979178, 1001, 0, 0, 1043, 0, 4, 0, 20, 0
1520980221, 1002, 0, 0, 1043, 0, 4, 0, 20, 0
1520981264, 1004, 0, 0, 1048, 0, 4, 0, 20, 0
1520982312, 1003, 0, 0, 1046, 0, 4, 0, 20, 0
1520983358, 1002, 0, 0, 1044, 0, 4, 0, 20, 0
1520984402, 1003, 0, 0, 1047, 0, 4, 0, 20, 0
1520985449, 1000, 0, 0, 1047, 0, 4, 0, 20, 0
1520986496, 1004, 0, 0, 1046, 0, 4, 0, 20, 0
1520987542, 1001, 1, 0, 1048, 0, 4, 0, 20, 0
1520988590, 1002, 0, 0, 1044, 0, 4, 0, 20, 0
1520989634, 1001, 0, 0, 1047, 0, 4, 0, 20, 0
1520990681, 1000, 2, 0, 1047, 0, 4, 0, 20, 0
1520991728, 1003, 0, 0, 1046, 0, 4, 0, 20, 0
1520992774, 1002, 0, 0, 1041, 0, 4, 0, 20, 0
1520993815, 1001, 0, 0, 1047, 0, 4, 0, 20, 0
1520994862, 1004, 0, 0, 1046, 0, 4, 0, 20, 0
1520995908, 1001, 0, 0, 1049, 0, 4, 0, 20, 0
1520996957, 1003, 0, 0, 1049, 0, 4, 0, 20, 0
1520998006, 1001, 0, 0, 1045, 0, 4, 0, 20, 0
1520999051, 1004, 0, 0, 1049, 0, 4, 0, 20, 0
1521000100, 1006, 0, 0, 1044, 0, 4, 1, 20, 0
1521001144, 1001, 0, 3, 1049, 6, 4, 1, 20, 0
1521002194, 1001, 0, 3, 1042, 5, 4, 1, 20, 0
1521003236, 1004, 0, 3, 1050, 5, 4, 1, 20, 0
1521004286, 1004, 0, 1, 1046, 4, 4, 1, 20, 0
1521005332, 1003, 0, 0, 1042, 5, 4, 1, 20, 0
1521006374, 1002, 0, 1, 1049, 6, 4, 1, 20, 0
1521007424, 1002, 0, 0, 1048, 5, 4, 1, 20, 0
1521008472, 1000, 0, 2, 1050, 5, 4, 1, 20, 0
1521009522, 1003, 0, 0, 1047, 5, 4, 1, 20, 0
1521010570, 1001, 0, 3, 1050, 6, 4, 1, 20, 0
1521011620, 1001, 0, 2, 1051, 5, 4, 1, 20, 0
1521012671, 1000, 0, 2, 1052, 5, 4, 1, 20, 0
1521013723, 1001, 0, 3, 1051, 10, 4, 2, 20, 0
1521014774, 1002, 0, 3, 1052, 11, 4, 2, 20, 0
1521015826, 1001, 0, 3, 1049, 9, 4, 3, 20, 0
1521016875, 1001, 1, 4, 1047, 18, 4, 4, 20, 0
1521017922, 1000, 0, 6, 1051, 16, 4, 4, 20, 0
1521018973, 1003, 0, 3, 1052, 15, 4, 3, 20, 0
1521020025, 1002, 1, 3, 1048, 15, 4, 3, 20, 0
1521021073, 1005, 0, 3, 1050, 13, 4, 3, 20, 0
1521022123, 1002, 0, 3, 1047, 5, 4, 1, 20, 0
1521023170, 1002, 0, 3, 1046, 5, 4, 1, 20, 0
1521024216, 952, 0, 4, 1001, 5, 4, 1, 19, 0
1521025217, 1000, 0, 2, 1046, 4, 4, 1, 20, 0
1521026263, 1002, 1, 3, 1048, 5, 4, 1, 20, 0
1521027311, 1001, 1, 3, 1045, 6, 4, 1, 20, 0
1521028356, 1003, 0, 0, 1049, 4, 4, 1, 20, 0
1521029405, 1001, 0, 2, 1053, 5, 4, 1, 20, 0
1521030458, 1001, 0, 4, 1049, 5, 4, 1, 20, 0
1521031507, 1000, 1, 1, 1045, 6, 4, 1, 20, 0
1521032553, 1002, 0, 2, 1052, 7, 4, 2, 20, 0
1521033605, 1002, 0, 0, 1049, 9, 4, 2, 20, 0
1521034654, 1001, 0, 4, 1047, 5, 4, 1, 20, 0
1521035701, 1004, 0, 1, 1047, 5, 4, 1, 20, 0
1521036748, 1005, 0, 0, 1045, 5, 4, 1, 20, 0
1521037793, 1004, 0, 6, 1045, 5, 4, 1, 20, 0
1521038838, 1001, 0, 1, 1048, 5, 4, 1, 20, 0
1521039886, 950, 0, 3, 1001, 5, 4, 1, 19, 0
1521040887, 951, 1, 3, 1003, 5, 4, 1, 19, 0
1521041890, 1002, 0, 2, 1050, 6, 4, 1, 20, 0
1521042940, 1001, 0, 3, 1050, 5, 4, 1, 20, 0
1521043990, 1003, 0, 1, 1048, 4, 4, 1, 20, 0
1521045038, 1001, 0, 2, 1048, 5, 4, 1, 20, 0
1521046086, 1002, 0, 2, 1047, 6, 4, 1, 20, 0
1521047133, 1002, 0, 1, 1052, 5, 4, 1, 20, 0
1521048185, 1001, 0, 1, 1052, 5, 4, 1, 20, 0
1521049237, 1001, 1, 0, 1047, 5, 4, 1, 20, 0
1521050284, 1000, 0, 1, 1049, 6, 4, 1, 20, 0
1521051333, 1002, 0, 2, 1049, 4, 4, 1, 20, 0
1521052382, 1002, 0, 1, 1046, 5, 4, 1, 20, 0
1521053428, 1002, 0, 3, 1049, 5, 4, 1, 20, 0
1521054477, 1002, 0, 1, 1046, 5, 4, 1, 20, 0
1521055523, 1000, 0, 3, 1046, 6, 4, 1, 20, 0
1521056569, 1002, 0, 2, 1046, 5, 4, 1, 20, 0
1521057616, 1001, 1, 0, 1049, 5, 4, 1, 20, 0
1521058665, 1001, 1, 0, 1049, 4, 4, 1, 20, 0
1521059714, 1000, 0, 2, 1050, 6, 4, 1, 20, 0
1521060764, 1003, 0, 3, 1052, 5, 4, 1, 20, 0
1521061816, 1000, 0, 1, 1050, 5, 4, 1, 20, 0
1521062866, 950, 0, 8, 1001, 7, 4, 2, 19, 0
1521063867, 1002, 0, 2, 1049, 11, 4, 2, 20, 0
1521064916, 1002, 0, 3, 1052, 11, 4, 2, 20, 0
1521065968, 1000, 0, 5, 1049, 10, 4, 2, 20, 0
1521067017, 953, 0, 2, 1003, 9, 4, 2, 19, 0
1521068020, 1001, 1, 1, 1052, 8, 4, 2, 20, 0
1521069072, 1004, 0, 1, 1046, 5, 4, 1, 20, 0
1521070118, 1002, 0, 4, 1050, 6, 4, 1, 20, 0
1521071168, 1001, 0, 3, 1045, 6, 4, 2, 20, 0
1521072213, 1004, 1, 2, 1048, 5, 4, 1, 20, 0
1521073261, 1000, 0, 0, 1049, 5, 4, 1, 20, 0
1521074310, 1001, 1, 2, 1048, 7, 4, 2, 20, 0
1521075358, 1004, 0, 0, 1051, 10, 4, 2, 20, 0
1521076409, 1001, 1, 5, 1052, 9, 4, 2, 20, 0
1521077461, 1004, 0, 3, 1049, 10, 4, 2, 20, 0
1521078510, 952, 0, 2, 1001, 10, 4, 2, 19, 1
1521079511, 1001, 0, 4, 1052, 15, 4, 3, 20, 1
1521080563, 952, 0, 5, 1005, 17, 4, 4, 19, 1
1521081568, 1001, 0, 3, 1052, 20, 4, 4, 20, 1
1521082620, 1000, 0, 6, 1050, 20, 4, 4, 20, 1
1521083670, 1002, 0, 6, 1049, 19, 4, 4, 20, 1
1521084719, 1002, 0, 4, 1050, 23, 4, 6, 20, 1
1521085769, 1003, 0, 8, 1051, 34, 4, 7, 20, 1
1521086820, 1000, 0, 4, 1053, 34, 4, 7, 20, 1
1521087873, 1000, 0, 4, 1051, 39, 4, 7, 20, 1
1521088924, 1000, 0, 9, 1051, 34, 4, 7, 20, 1
1521089975, 1000, 0, 9, 1049, 36, 4, 7, 20, 1
1521091024, 1002, 0, 6, 1049, 37, 4, 9, 20, 1
1521092073, 950, 0, 9, 1001, 43, 4, 9, 19, 1
1521093074, 1003, 0, 9, 1052, 48, 4, 11, 20, 1
1521094126, 1000, 0, 9, 1045, 60, 4, 12, 20, 1
1521095171, 1001, 0, 12, 1050, 67, 4, 14, 20, 1
1521096221, 1001, 0, 13, 1049, 73, 4, 15, 20, 1
1521097270, 1002, 0, 15, 1051, 81, 4, 17, 20, 1
1521098321, 1001, 0, 12, 1051, 85, 4, 17, 20, 1
1521099372, 1002, 0, 16, 1050, 89, 4, 17, 20, 1
1521100422, 1001, 0, 14, 1052, 92, 4, 20, 20, 1
1521101474, 1000, 0, 17, 1049, 112, 4, 24, 20, 1
1521102523, 1000, 0, 18, 1051, 129, 4, 27, 20, 1
1521103574, 1000, 0, 19, 1049, 138, 4, 30, 20, 1
1521104623, 1001, 0, 25, 1046, 162, 4, 36, 20, 1
1521105669, 1000, 0, 29, 1049, 177, 4, 38, 20, 1
1521106718, 1000, 0, 36, 1051, 195, 4, 40, 20, 1
1521107769, 1001, 0, 34, 1051, 192, 4, 42, 20, 1
1521108820, 1001, 0, 33, 1046, 204, 4, 46, 20, 1
1521109866, 1000, 0, 34, 1050, 213, 4, 48, 20, 1
1521110916, 1003, 0, 41, 1052, 229, 4, 53, 20, 1
1521111968, 1002, 0, 38, 1049, 265, 4, 57, 20, 1
1521113017, 950, 1, 41, 1002, 232, 4, 59, 19, 1
1521114019, 1000, 0, 42, 1051, 257, 4, 62, 20, 1
1521115070, 1000, 0, 45, 1048, 268, 4, 67, 20, 1
1521116118, 1004, 0, 43, 1049, 288, 4, 71, 20, 1
1521117167, 1001, 1, 43, 1047, 307, 4, 75, 20, 1
1521118214, 1001, 0, 45, 1049, 307, 4, 77, 20, 1
1521119263, 1001, 0, 47, 1052, 315, 4, 79, 20, 1
1521120315, 1003, 0, 47, 1052, 320, 4, 80, 20, 1
1521121367, 1000, 0, 45, 1049, 300, 4, 83, 20, 1
1521122416, 1001, 0, 47, 1050, 325, 4, 83, 20, 1
1521123466, 1000, 0, 49, 1050, 307, 4, 86, 20, 1
1521124516, 952, 0, 51, 1005, 306, 4, 88, 19, 1
1521125521, 950, 0, 48, 1001, 298, 4, 89, 19, 1
1521126522, 1000, 0, 49, 1053, 330, 4, 90, 20, 1
1521127575, 951, 0, 49, 1003, 295, 4, 92, 19, 1
1521128578, 951, 0, 54, 1006, 294, 4, 93, 19, 1
1521129584, 954, 0, 45, 1002, 312, 4, 94, 19, 1
1521130586, 952, 0, 52, 1007, 285, 4, 95, 19, 1
1521131593, 951, 0, 54, 1008, 308, 4, 97, 19, 1
1521132601, 952, 0, 47, 1002, 323, 4, 98, 19, 1
1521133603, 953, 0, 53, 1008, 282, 4, 99, 19, 1
1521134611, 950, 0, 54, 1009, 345, 4, 99, 19, 1
1521135620, 951, 0, 57, 1008, 315, 4, 100, 19, 1
1521136628, 951, 0, 51, 1005, 332, 4, 100, 19, 1
1521137634, 951, 0, 54, 1010, 305, 4, 100, 19, 1
1521138644, 952, 0, 56, 1010, 302, 4, 100, 19, 1
1521139654, 951, 0, 54, 1008, 304, 4, 100, 19, 1
1521140662, 952, 0, 54, 1010, 296, 4, 100, 19, 1
1521141672, 951, 0, 57, 1017, 282, 4, 100, 19, 1
1521142689, 950, 0, 58, 1012, 294, 4, 100, 19, 1
1521143701, 953, 0, 53, 1011, 288, 4, 100, 19, 1
1521144712, 951, 0, 54, 1010, 293, 4, 100, 19, 1
1521145722, 951, 0, 55, 1010, 305, 4, 100, 19, 1
1521146732, 950, 0, 55, 1008, 295, 4, 100, 19, 1
1521147740, 1001, 1, 42, 1047, 301, 4, 100, 20, 1
1521148787, 1002, 0, 40, 1046, 330, 4, 100, 20, 1
1521149833, 1000, 1, 48, 1052, 295, 4, 100, 20, 1
1521150885, 951, 0, 55, 1010, 286, 4, 100, 19, 1
1521151895, 950, 0, 57, 1010, 284, 4, 100, 19, 1
1521152905, 950, 0, 50, 1003, 306, 4, 100, 19, 1
1521153908, 1003, 0, 41, 1048, 321, 4, 100, 20, 1
1521154956, 1000, 0, 41, 1046, 315, 4, 100, 20, 1
1521156002, 1003, 0, 41, 1047, 302, 4, 100, 20, 1
1521157049, 1000, 0, 43, 1047, 308, 4, 100, 20, 1
1521158096, 951, 0, 45, 1002, 302, 4, 100, 19, 1
1521159098, 951, 0, 50, 1007, 294, 4, 100, 19, 1
1521160105, 951, 0, 52, 1009, 308, 4, 100, 19, 1
1521161114, 951, 0, 56, 1008, 285, 4, 100, 19, 1
1521162122, 950, 0, 57, 1008, 303, 4, 100, 19, 1
1521163130, 951, 0, 58, 1013, 288, 4, 100, 19, 1
1521164143, 952, 0, 54, 1010, 304, 4, 100, 19, 1
1521165153, 952, 0, 56, 1012, 276, 4, 100, 19, 1
1521166165, 951, 0, 53, 1010, 285, 4, 100, 19, 1
1521167175, 953, 0, 50, 1009, 301, 4, 100, 19, 1
1521168184, 950, 0, 49, 1003, 286, 4, 100, 19, 1
1521169187, 1000, 0, 51, 1053, 334, 4, 100, 20, 1
1521170240, 951, 0, 56, 1009, 313, 4, 100, 19, 1
1521171249, 950, 0, 58, 1008, 270, 4, 100, 19, 1
1521172257, 950, 0, 55, 1008, 298, 4, 100, 19, 1
1521173265, 954, 0, 52, 1011, 280, 4, 100, 19, 1
1521174276, 950, 0, 57, 1008, 335, 4, 100, 19, 1
1521175284, 951, 0, 55, 1010, 280, 4, 100, 19, 1
1521176294, 950, 0, 58, 1012, 301, 4, 100, 19, 1
1521177306, 950, 0, 58, 1011, 293, 4, 100, 19, 1
1521178317, 950, 0, 55, 1008, 298, 4, 100, 19, 1
1521179325, 1000, 0, 49, 1052, 305, 4, 100, 20, 1
1521180377, 1001, 0, 51, 1053, 320, 4, 100, 20, 1
1521181430, 950, 0, 58, 1009, 303, 4, 100, 19, 1
1521182439, 950, 0, 58, 1009, 294, 4, 100, 19, 1
1521183448, 952, 0, 49, 1009, 302, 4, 100, 19, 1
1521184457, 951, 0, 54, 1010, 285, 4, 100, 19, 1
1521185467, 950, 0, 55, 1014, 302, 4, 100, 19, 1
1521186481, 950, 0, 55, 1009, 301, 4, 100, 19, 1
1521187490, 951, 0, 56, 1011, 313, 4, 100, 19, 1
1521188501, 951, 1, 54, 1011, 308, 4, 100, 19, 1
1521189512, 951, 0, 51, 1009, 310, 4, 100, 19, 1
1521190521, 952, 0, 48, 1008, 308, 4, 100, 19, 1
1521191529, 951, 0, 55, 1011, 269, 4, 100, 19, 1
1521192540, 951, 0, 56, 1010, 290, 4, 100, 19, 1
1521193550, 951, 0, 55, 1010, 262, 4, 100, 19, 1
1521194560, 952, 0, 55, 1010, 310, 4, 100, 19, 1
1521195571, 950, 0, 57, 1010, 288, 4, 100, 19, 1
1521196581, 951, 0, 54, 1010, 308, 4, 100, 19, 1
1521197591, 951, 0, 55, 1011, 306, 4, 100, 19, 1
1521198602, 950, 0, 57, 1010, 303, 4, 100, 19, 1
1521199612, 951, 0, 55, 1010, 293, 4, 100, 19, 1
1521200622, 950, 1, 54, 1012, 294, 4, 100, 19, 1
1521201634, 950, 0, 58, 1009, 288, 4, 100, 19, 1
1521202643, 951, 0, 58, 1011, 287, 4, 100, 19, 1
1521203654, 951, 0, 54, 1006, 297, 4, 100, 19, 1
1521204660, 950, 0, 57, 1007, 301, 4, 100, 19, 1
1521205667, 951, 0, 47, 1003, 300, 4, 100, 19, 1
1521206670, 951, 0, 53, 1010, 286, 4, 100, 19, 1
1521207680, 952, 0, 51, 1012, 295, 4, 100, 19, 1
1521208692, 951, 0, 52, 1009, 271, 4, 100, 19, 1
1521209701, 953, 0, 48, 1003, 281, 4, 100, 19, 1
1521210704, 951, 1, 48, 1008, 293, 4, 100, 19, 1
1521211712, 951, 0, 55, 1013, 298, 4, 100, 19, 1
1521212725, 950, 0, 52, 1004, 303, 4, 100, 19, 1
1521213729, 951, 0, 48, 1001, 300, 4, 100, 19, 1
1521214730, 952, 0, 53, 1008, 305, 4, 100, 19, 1
1521215738, 950, 0, 53, 1010, 320, 4, 100, 19, 1
1521216748, 951, 0, 54, 1010, 294, 4, 100, 19, 1
1521217758, 950, 0, 52, 1009, 293, 4, 100, 19, 1
1521218767, 950, 0, 64, 1017, 317, 4, 100, 19, 1
1521219784, 954, 0, 52, 1011, 289, 4, 100, 19, 1
1521220796, 952, 0, 56, 1010, 271, 4, 100, 19, 1
1521221806, 951, 0, 56, 1009, 288, 4, 100, 19, 1
1521222816, 950, 0, 57, 1008, 290, 4, 100, 19, 1
1521223824, 951, 0, 48, 1004, 326, 4, 100, 19, 1
1521224828, 951, 0, 55, 1014, 300, 4, 100, 19, 1
1521225842, 951, 0, 54, 1005, 309, 4, 100, 19, 1
1521226847, 953, 0, 48, 1008, 295, 4, 100, 19, 1
1521227855, 950, 1, 49, 1007, 287, 4, 100, 19, 1
1521228862, 950, 0, 54, 1012, 292, 4, 100, 19, 1
1521229874, 951, 0, 48, 1007, 276, 4, 100, 19, 1
1521230881, 951, 0, 52, 1005, 288, 4, 100, 19, 1
1521231886, 951, 0, 51, 1005, 295, 4, 100, 19, 1
1521232891, 958, 0, 57, 1018, 278, 4, 100, 19, 1
1521233909, 950, 0, 55, 1010, 311, 4, 100, 19, 1
1521234919, 950, 0, 57, 1008, 300, 4, 100, 19, 1
1521235927, 951, 1, 54, 1010, 297, 4, 100, 19, 1
1521236937, 952, 0, 59, 1013, 298, 4, 100, 19, 1
1521237950, 951, 0, 63, 1019, 309, 4, 100, 19, 1
1521238969, 951, 0, 53, 1010, 294, 4, 100, 19, 1
1521239979, 950, 0, 58, 1010, 290, 4, 100, 19, 1
1521240989, 950, 0, 58, 1010, 293, 4, 100, 19, 1
1521241999, 950, 0, 52, 1008, 301, 4, 100, 19, 1
1521243007, 951, 0, 65, 1020, 298, 4, 100, 19, 1
1521244027, 952, 0, 54, 1011, 291, 4, 100, 19, 1
1521245038, 951, 0, 57, 1010, 307, 4, 100, 19, 1
1521246048, 950, 1, 55, 1011, 293, 4, 100, 19, 1
1521247059, 950, 1, 52, 1011, 276, 4, 100, 19, 1
1521248071, 951, 0, 54, 1013, 313, 4, 100, 19, 1
1521249084, 951, 1, 57, 1009, 287, 4, 100, 19, 1
1521250093, 950, 1, 59, 1014, 284, 4, 100, 19, 1
1521251107, 951, 0, 61, 1016, 295, 4, 100, 19, 1
1521252123, 951, 0, 59, 1017, 289, 4, 100, 19, 1
1521253140, 951, 1, 64, 1018, 278, 4, 100, 19, 1
1521254158, 950, 0, 71, 1025, 294, 4, 100, 19, 1
1521255183, 950, 1, 61, 1013, 286, 4, 100, 19, 1
1521256196, 952, 0, 56, 1013, 286, 4, 100, 19, 1
1521257209, 950, 0, 65, 1021, 300, 4, 100, 19, 1
1521258230, 950, 0, 62, 1015, 301, 4, 100, 19, 1
1521259245, 952, 0, 69, 1024, 283, 4, 100, 19, 1
1521260269, 952, 0, 57, 1011, 300, 4, 100, 19, 1
1521261280, 954, 0, 57, 1013, 297, 4, 100, 19, 1
1521262293, 950, 0, 66, 1017, 304, 4, 100, 19, 1
1521263310, 951, 0, 61, 1016, 288, 4, 100, 19, 1
1521264326, 950, 0, 64, 1017, 295, 4, 100, 19, 1
1521265343, 951, 0, 58, 1012, 274, 4, 100, 19, 1
1521266355, 951, 1, 59, 1013, 293, 4, 100, 19, 1
1521267368, 951, 0, 65, 1018, 292, 4, 100, 19, 1
1521268386, 955, 0, 66, 1024, 325, 4, 100, 19, 1
1521269410, 950, 0, 58, 1014, 287, 4, 100, 19, 1
1521270424, 951, 0, 65, 1018, 281, 4, 100, 19, 1
1521271442, 950, 1, 61, 1017, 307, 4, 100, 19, 1
1521272459, 952, 0, 56, 1010, 294, 4, 100, 19, 1
1521273469, 951, 0, 61, 1014, 290, 4, 100, 19, 1
1521274483, 950, 0, 61, 1014, 309, 4, 100, 19, 1
1521275497, 951, 0, 57, 1012, 308, 4, 100, 19, 1
1521276509, 951, 0, 58, 1013, 288, 4, 100, 19, 1
1521277522, 951, 0, 63, 1018, 318, 4, 100, 19, 1
1521278540, 951, 0, 58, 1012, 306, 4, 100, 19, 1
1521279552, 952, 0, 58, 1012, 302, 4, 100, 19, 1
1521280564, 952, 0, 57, 1013, 305, 4, 100, 19, 1
1521281577, 951, 0, 59, 1014, 314, 4, 100, 19, 1
1521282591, 950, 0, 56, 1010, 311, 4, 100, 19, 1
1521283601, 950, 0, 62, 1014, 307, 4, 100, 19, 1
1521284615, 950, 0, 63, 1016, 304, 4, 100, 19, 1
1521285631, 950, 0, 61, 1016, 283, 4, 100, 19, 1
1521286647, 950, 0, 65, 1017, 298, 4, 100, 19, 1
1521287664, 951, 0, 64, 1018, 291, 4, 100, 19, 0
1521288682, 951, 0, 64, 1016, 376, 4, 100, 19, 0
1521289698, 950, 0, 60, 1011, 383, 4, 100, 19, 0
1521290709, 952, 0, 61, 1015, 402, 4, 100, 19, 0
1521291724, 952, 0, 56, 1008, 385, 4, 100, 19, 0
1521292732, 952, 0, 59, 1014, 427, 4, 100, 19, 0
1521293746, 951, 0, 62, 1015, 419, 4, 100, 19, 0
1521294761, 950, 0, 59, 1009, 433, 4, 100, 19, 0
1521295770, 951, 0, 57, 1013, 432, 4, 100, 19, 0
1521296783, 950, 0, 60, 1014, 454, 4, 100, 19, 0
1521297798, 950, 0, 59, 1015, 449, 4, 98, 19, 0
1521298813, 953, 0, 55, 1010, 421, 4, 98, 19, 0
1521299823, 951, 0, 59, 1012, 429, 4, 98, 19, 0
1521300835, 950, 0, 56, 1011, 429, 4, 98, 19, 0
1521301847, 950, 0, 59, 1012, 430, 4, 96, 19, 0
1521302860, 951, 0, 54, 1012, 417, 4, 95, 19, 0
1521303872, 951, 0, 55, 1014, 428, 4, 95, 19, 0
1521304886, 950, 0, 53, 1007, 415, 4, 94, 19, 0
1521305893, 952, 0, 49, 1008, 435, 4, 93, 19, 0
1521306901, 950, 1, 49, 1004, 423, 4, 92, 19, 0
1521307905, 950, 0, 51, 1004, 425, 4, 91, 19, 0
1521308909, 951, 1, 46, 1006, 407, 4, 89, 19, 0
1521309915, 952, 0, 50, 1003, 378, 4, 87, 19, 0
1521310919, 951, 0, 54, 1007, 369, 4, 84, 19, 0
1521311926, 951, 0, 45, 1002, 361, 4, 78, 19, 0
1521312928, 1002, 0, 47, 1052, 365, 4, 78, 20, 0
1521313980, 951, 0, 48, 1001, 324, 4, 74, 19, 0
1521314981, 950, 0, 47, 1002, 344, 4, 74, 19, 0
1521315983, 951, 0, 46, 1002, 337, 4, 73, 19, 0
1521316985, 1000, 1, 45, 1048, 333, 4, 69, 20, 0
1521318033, 1001, 0, 44, 1050, 314, 4, 65, 20, 0
1521319083, 1001, 1, 33, 1043, 283, 4, 60, 20, 0
1521320126, 1000, 1, 38, 1045, 276, 4, 57, 20, 0
1521321171, 1001, 1, 38, 1043, 260, 4, 55, 20, 0
1521322214, 951, 0, 37, 1002, 244, 4, 53, 19, 0
1521323216, 1000, 0, 42, 1044, 249, 4, 52, 20, 0
1521324260, 1001, 1, 32, 1048, 231, 4, 49, 20, 0
1521325308, 1001, 1, 37, 1048, 237, 4, 49, 20, 0
1521326356, 1000, 0, 41, 1045, 221, 4, 48, 20, 0
1521327401, 1000, 1, 36, 1051, 213, 4, 44, 20, 0
1521328452, 1000, 0, 37, 1051, 206, 4, 41, 20, 0
1521329503, 1000, 0, 36, 1048, 195, 4, 39, 20, 0
1521330551, 951, 0, 32, 1000, 165, 4, 37, 19, 0
1521331552, 1000, 0, 38, 1051, 184, 4, 38, 20, 0
1521332603, 950, 1, 24, 1001, 161, 4, 35, 19, 0
1521333604, 1000, 0, 33, 1048, 171, 4, 34, 20, 0
1521334652, 951, 0, 19, 1005, 158, 4, 34, 19, 0
1521335657, 951, 0, 22, 1003, 154, 4, 33, 19, 0
1521336660, 1000, 1, 19, 1049, 149, 4, 32, 20, 0
1521337709, 1001, 0, 20, 1051, 141, 4, 30, 20, 0
1521338760, 1002, 0, 17, 1052, 147, 4, 30, 20, 0
1521339812, 951, 0, 17, 1003, 136, 4, 30, 19, 0
1521340815, 951, 0, 20, 1001, 132, 4, 29, 19, 0
1521341816, 952, 0, 19, 1001, 132, 4, 28, 19, 0
1521342817, 950, 1, 20, 1004, 118, 4, 26, 19, 0
1521343822, 954, 0, 17, 1005, 103, 4, 24, 19, 0
1521344827, 1002, 0, 14, 1052, 112, 4, 23, 20, 0
1521345879, 950, 1, 12, 1002, 95, 4, 20, 19, 0
